{"dataset_dir": "base_portuguese", "classes": 96, "segment_length": 3, "train_shape": [13242, 18, 130], "valid_shape": [303, 18, 130], "test_shape": [498, 18, 130], "scores": {"test_loss": 0.9872841835021973, "test_acc": 0.7751004099845886, "train_loss": 0.020657828077673912, "train_acc": 0.9996224045753479, "valid_loss": 1.047652244567871, "valid_acc": 0.7656765580177307}, "training_params": {"epochs": 40, "batch_size": 32, "patience": 5, "learning_rate": 0.0001}, "representation": {"name": "MFCC", "mfcc_coeff": 18, "mfcc_n_fft": 2048, "mfcc_hop_length": 512}}