{"dataset_dir": "base_portuguese_40", "classes": 40, "segment_length": 1, "augment_size": 30, "overlap_size": 0.0, "train_shape": [24835, 18, 44], "valid_shape": [320, 18, 44], "test_shape": [288, 18, 44], "scores": {"test_loss": 1.5188634395599365, "test_acc": 0.6631944179534912, "train_loss": 0.08224893361330032, "train_acc": 0.9836118221282959, "valid_loss": 1.402853012084961, "valid_acc": 0.7437499761581421}, "training_params": {"epochs": 40, "batch_size": 32, "patience": 5, "learning_rate": 0.0001}, "representation": {"name": "MFCC", "mfcc_coeff": 18, "mfcc_n_fft": 2048, "mfcc_hop_length": 512}}