{"dataset_dir": "base_portuguese_40", "classes": 40, "segment_length": 1, "augment_size": 30, "overlap_size": 0.0, "train_shape": [24852, 26, 44], "valid_shape": [320, 26, 44], "test_shape": [288, 26, 44], "scores": {"test_loss": 1.3432254791259766, "test_acc": 0.7534722089767456, "train_loss": 0.013846931047737598, "train_acc": 0.9992354512214661, "valid_loss": 1.1078506708145142, "valid_acc": 0.78125}, "training_params": {"epochs": 40, "batch_size": 32, "patience": 5, "learning_rate": 0.0001}, "representation": {"name": "MFCC", "mfcc_coeff": 26, "mfcc_n_fft": 2048, "mfcc_hop_length": 512}}