{"dataset_dir": "base_portuguese_40", "classes": 40, "segment_length": 3, "augment_size": 30, "overlap_size": 0.0, "train_shape": [5679, 18, 130], "valid_shape": [78, 18, 130], "test_shape": [71, 18, 130], "scores": {"test_loss": 0.7703338861465454, "test_acc": 0.8028169274330139, "train_loss": 0.0191023088991642, "train_acc": 1.0, "valid_loss": 0.5507141351699829, "valid_acc": 0.7948718070983887}, "training_params": {"epochs": 40, "batch_size": 32, "patience": 5, "learning_rate": 0.0001}, "representation": {"name": "MFCC", "mfcc_coeff": 18, "mfcc_n_fft": 2048, "mfcc_hop_length": 512}}