{"dataset_dir": "base_portuguese", "classes": 96, "segment_length": 2, "augment_size": 30, "overlap_size": 0.0, "train_shape": [24919, 26, 87], "valid_shape": [525, 26, 87], "test_shape": [630, 26, 87], "scores": {"test_loss": 0.6771349310874939, "test_acc": 0.8492063283920288, "train_loss": 0.008885396644473076, "train_acc": 0.9999598860740662, "valid_loss": 0.7536922693252563, "valid_acc": 0.8190476298332214}, "training_params": {"epochs": 40, "batch_size": 32, "patience": 5, "learning_rate": 0.0001}, "representation": {"name": "MFCC", "mfcc_coeff": 26, "mfcc_n_fft": 2048, "mfcc_hop_length": 512}}