{"dataset_dir": "base_portuguese", "classes": 96, "segment_length": 1, "augment_size": 30, "overlap_size": 0.0, "train_shape": [59500, 18, 44], "valid_shape": [1233, 18, 44], "test_shape": [1436, 18, 44], "scores": {"test_loss": 1.9512485265731812, "test_acc": 0.632311999797821, "train_loss": 0.18730610609054565, "train_acc": 0.954084038734436, "valid_loss": 1.868544578552246, "valid_acc": 0.6642335653305054}, "training_params": {"epochs": 40, "batch_size": 32, "patience": 5, "learning_rate": 0.0001}, "representation": {"name": "MFCC", "mfcc_coeff": 18, "mfcc_n_fft": 2048, "mfcc_hop_length": 512}}