{"dataset_dir": "base_portuguese", "classes": 96, "segment_length": 3, "train_shape": [13299, 40, 130], "valid_shape": [303, 40, 130], "test_shape": [375, 40, 130], "scores": {"test_loss": 0.6013989448547363, "test_acc": 0.8293333053588867, "train_loss": 0.00825481303036213, "train_acc": 1.0, "valid_loss": 0.7092356085777283, "valid_acc": 0.7953795194625854}, "training_params": {"epochs": 40, "batch_size": 32, "patience": 5, "learning_rate": 0.0001}, "representation": {"name": "MFCC", "mfcc_coeff": 40, "mfcc_n_fft": 2048, "mfcc_hop_length": 512}}