{"dataset_dir": "base_portuguese_40", "classes": 40, "segment_length": 1, "augment_size": 30, "overlap_size": 0.0, "train_shape": [24864, 34, 44], "valid_shape": [320, 34, 44], "test_shape": [288, 34, 44], "scores": {"test_loss": 0.9271199107170105, "test_acc": 0.8090277910232544, "train_loss": 0.008706643246114254, "train_acc": 0.9998391270637512, "valid_loss": 0.751824676990509, "valid_acc": 0.846875011920929}, "training_params": {"epochs": 40, "batch_size": 32, "patience": 5, "learning_rate": 0.0001}, "representation": {"name": "MFCC", "mfcc_coeff": 34, "mfcc_n_fft": 2048, "mfcc_hop_length": 512}}