{
    "dataset_dir": "base_portuguese_40",
    "classes": 40,
    "segment_length": 1,
    "augment_size": 30,
    "overlap_size": 0.0,
    "train_shape": [
        24837,
        40,
        44
    ],
    "valid_shape": [
        320,
        40,
        44
    ],
    "test_shape": [
        288,
        40,
        44
    ],
    "scores": {
        "test_loss": 0.7651889324188232,
        "test_acc": 0.8298611044883728,
        "train_loss": 0.006836356595158577,
        "train_acc": 0.9999597668647766,
        "valid_loss": 0.7129074335098267,
        "valid_acc": 0.8812500238418579
    },
    "training_params": {
        "epochs": 40,
        "batch_size": 32,
        "patience": 5,
        "learning_rate": 0.0001
    },
    "representation": {
        "name": "MFCC",
        "mfcc_coeff": 40,
        "mfcc_n_fft": 2048,
        "mfcc_hop_length": 512
    }
}