{"dataset_dir": "base_portuguese", "classes": 96, "segment_length": 1, "augment_size": 30, "overlap_size": 0.0, "train_shape": [59242, 40, 44], "valid_shape": [1233, 40, 44], "test_shape": [1436, 40, 44], "scores": {"test_loss": 1.0555020570755005, "test_acc": 0.7701950073242188, "train_loss": 0.01030003372579813, "train_acc": 0.9995779991149902, "valid_loss": 1.1447679996490479, "valid_acc": 0.8004866242408752}, "training_params": {"epochs": 40, "batch_size": 32, "patience": 5, "learning_rate": 0.0001}, "representation": {"name": "MFCC", "mfcc_coeff": 40, "mfcc_n_fft": 2048, "mfcc_hop_length": 512}}