{"dataset_dir": "base_portuguese", "classes": 96, "segment_length": 2, "augment_size": 30, "overlap_size": 0.0, "train_shape": [24996, 34, 87], "valid_shape": [525, 34, 87], "test_shape": [630, 34, 87], "scores": {"test_loss": 0.6325504779815674, "test_acc": 0.8476190567016602, "train_loss": 0.0053303358145058155, "train_acc": 1.0, "valid_loss": 0.9589572548866272, "valid_acc": 0.8057143092155457}, "training_params": {"epochs": 40, "batch_size": 32, "patience": 5, "learning_rate": 0.0001}, "representation": {"name": "MFCC", "mfcc_coeff": 34, "mfcc_n_fft": 2048, "mfcc_hop_length": 512}}