{"dataset_dir": "base_portuguese", "classes": 96, "segment_length": 1, "augment_size": 30, "overlap_size": 0.0, "train_shape": [59387, 26, 44], "valid_shape": [1233, 26, 44], "test_shape": [1436, 26, 44], "scores": {"test_loss": 1.5776152610778809, "test_acc": 0.7151810526847839, "train_loss": 0.03264797851443291, "train_acc": 0.994914710521698, "valid_loss": 1.5516583919525146, "valid_acc": 0.7388483285903931}, "training_params": {"epochs": 40, "batch_size": 32, "patience": 5, "learning_rate": 0.0001}, "representation": {"name": "MFCC", "mfcc_coeff": 26, "mfcc_n_fft": 2048, "mfcc_hop_length": 512}}