{"dataset_dir": "base_portuguese_40", "classes": 40, "segment_length": 2, "augment_size": 30, "overlap_size": 0.0, "train_shape": [10516, 34, 87], "valid_shape": [142, 34, 87], "test_shape": [126, 34, 87], "scores": {"test_loss": 0.4907802939414978, "test_acc": 0.8730158805847168, "train_loss": 0.01078515313565731, "train_acc": 1.0, "valid_loss": 0.43848487734794617, "valid_acc": 0.8661971688270569}, "training_params": {"epochs": 40, "batch_size": 32, "patience": 5, "learning_rate": 0.0001}, "representation": {"name": "MFCC", "mfcc_coeff": 34, "mfcc_n_fft": 2048, "mfcc_hop_length": 512}}