{"dataset_dir": "base_portuguese_40", "classes": 40, "segment_length": 2, "augment_size": 30, "overlap_size": 0.0, "train_shape": [10495, 40, 87], "valid_shape": [142, 40, 87], "test_shape": [126, 40, 87], "scores": {"test_loss": 0.38406050205230713, "test_acc": 0.89682537317276, "train_loss": 0.011775498278439045, "train_acc": 1.0, "valid_loss": 0.3554340898990631, "valid_acc": 0.9014084339141846}, "training_params": {"epochs": 40, "batch_size": 32, "patience": 5, "learning_rate": 0.0001}, "representation": {"name": "MFCC", "mfcc_coeff": 40, "mfcc_n_fft": 2048, "mfcc_hop_length": 512}}