{"dataset_dir": "base_portuguese_40", "classes": 40, "segment_length": 2, "augment_size": 30, "overlap_size": 0.0, "train_shape": [10528, 18, 87], "valid_shape": [142, 18, 87], "test_shape": [126, 18, 87], "scores": {"test_loss": 0.9588918089866638, "test_acc": 0.7857142686843872, "train_loss": 0.015219324268400669, "train_acc": 0.999904990196228, "valid_loss": 0.890438437461853, "valid_acc": 0.7676056623458862}, "training_params": {"epochs": 40, "batch_size": 32, "patience": 5, "learning_rate": 0.0001}, "representation": {"name": "MFCC", "mfcc_coeff": 18, "mfcc_n_fft": 2048, "mfcc_hop_length": 512}}