{"dataset_dir": "base_portuguese", "classes": 96, "segment_length": 2, "augment_size": 30, "overlap_size": 0.0, "train_shape": [25101, 40, 87], "valid_shape": [525, 40, 87], "test_shape": [623, 40, 87], "scores": {"test_loss": 0.5340964198112488, "test_acc": 0.8651685118675232, "train_loss": 0.004804861266165972, "train_acc": 1.0, "valid_loss": 0.9510893821716309, "valid_acc": 0.8323809504508972}, "training_params": {"epochs": 40, "batch_size": 32, "patience": 5, "learning_rate": 0.0001}, "representation": {"name": "MFCC", "mfcc_coeff": 40, "mfcc_n_fft": 2048, "mfcc_hop_length": 512}}