{"dataset_dir": "base_portuguese", "classes": 96, "segment_length": 3, "train_shape": [13242, 34, 130], "valid_shape": [303, 34, 130], "test_shape": [498, 34, 130], "scores": {"test_loss": 0.6807979345321655, "test_acc": 0.8152610659599304, "train_loss": 0.006118227262049913, "train_acc": 1.0, "valid_loss": 0.8042911291122437, "valid_acc": 0.8118811845779419}, "training_params": {"epochs": 40, "batch_size": 32, "patience": 5, "learning_rate": 0.0001}, "representation": {"name": "MFCC", "mfcc_coeff": 34, "mfcc_n_fft": 2048, "mfcc_hop_length": 512}}