{"dataset_dir": "base_portuguese_40", "classes": 40, "segment_length": 2, "augment_size": 30, "overlap_size": 0.0, "train_shape": [10564, 26, 87], "valid_shape": [142, 26, 87], "test_shape": [126, 26, 87], "scores": {"test_loss": 0.5707335472106934, "test_acc": 0.8650793433189392, "train_loss": 0.014349027536809444, "train_acc": 0.9999053478240967, "valid_loss": 0.5462259650230408, "valid_acc": 0.8591549396514893}, "training_params": {"epochs": 40, "batch_size": 32, "patience": 5, "learning_rate": 0.0001}, "representation": {"name": "MFCC", "mfcc_coeff": 26, "mfcc_n_fft": 2048, "mfcc_hop_length": 512}}