{"dataset_dir": "base_portuguese", "classes": 96, "segment_length": 1, "augment_size": 30, "overlap_size": 0.0, "train_shape": [59083, 34, 44], "valid_shape": [1233, 34, 44], "test_shape": [1436, 34, 44], "scores": {"test_loss": 1.033290147781372, "test_acc": 0.7820334434509277, "train_loss": 0.011549539864063263, "train_acc": 0.9995430111885071, "valid_loss": 1.2431646585464478, "valid_acc": 0.798053503036499}, "training_params": {"epochs": 40, "batch_size": 32, "patience": 5, "learning_rate": 0.0001}, "representation": {"name": "MFCC", "mfcc_coeff": 34, "mfcc_n_fft": 2048, "mfcc_hop_length": 512}}