{"dataset_dir": "base_portuguese_40", "classes": 40, "segment_length": 3, "augment_size": 30, "overlap_size": 0.0, "train_shape": [5643, 40, 130], "valid_shape": [78, 40, 130], "test_shape": [71, 40, 130], "scores": {"test_loss": 0.40185266733169556, "test_acc": 0.9154929518699646, "train_loss": 0.014726650901138783, "train_acc": 1.0, "valid_loss": 0.34499767422676086, "valid_acc": 0.8846153616905212}, "training_params": {"epochs": 40, "batch_size": 32, "patience": 5, "learning_rate": 0.0001}, "representation": {"name": "MFCC", "mfcc_coeff": 40, "mfcc_n_fft": 2048, "mfcc_hop_length": 512}}