{"dataset_dir": "base_portuguese", "classes": 96, "segment_length": 3, "train_shape": [13242, 26, 130], "valid_shape": [303, 26, 130], "test_shape": [498, 26, 130], "scores": {"test_loss": 0.710507869720459, "test_acc": 0.845381498336792, "train_loss": 0.01557642500847578, "train_acc": 0.9998489618301392, "valid_loss": 0.8728806972503662, "valid_acc": 0.7887789011001587}, "training_params": {"epochs": 40, "batch_size": 32, "patience": 5, "learning_rate": 0.0001}, "representation": {"name": "MFCC", "mfcc_coeff": 26, "mfcc_n_fft": 2048, "mfcc_hop_length": 512}}