{
    "dataset_dir": "base_portuguese",
    "classes": 96,
    "segment_length": 2,
    "train_shape": [
        24907,
        18,
        87
    ],
    "valid_shape": [
        525,
        18,
        87
    ],
    "test_shape": [
        630,
        18,
        87
    ],
    "scores": {
        "test_loss": 1.4272328615188599,
        "test_acc": 0.7253968119621277,
        "train_loss": 0.011306563392281532,
        "train_acc": 0.9997590780258179,
        "valid_loss": 1.493125319480896,
        "valid_acc": 0.7409523725509644
    },
    "training_params": {
        "epochs": 40,
        "batch_size": 32,
        "patience": 5,
        "learning_rate": 0.0001
    },
    "representation": {
        "name": "MFCC",
        "mfcc_coeff": 18,
        "mfcc_n_fft": 2048,
        "mfcc_hop_length": 512
    }
}