{"dataset_dir": "base_portuguese_40", "classes": 40, "segment_length": 3, "augment_size": 30, "overlap_size": 0.0, "train_shape": [5599, 34, 130], "valid_shape": [78, 34, 130], "test_shape": [71, 34, 130], "scores": {"test_loss": 0.5044981241226196, "test_acc": 0.8450704216957092, "train_loss": 0.013003540225327015, "train_acc": 1.0, "valid_loss": 0.43130865693092346, "valid_acc": 0.8717948794364929}, "training_params": {"epochs": 40, "batch_size": 32, "patience": 5, "learning_rate": 0.0001}, "representation": {"name": "MFCC", "mfcc_coeff": 34, "mfcc_n_fft": 2048, "mfcc_hop_length": 512}}